{
	"credit": "Made with Blockbench",
	"texture_size": [32, 32],
	"textures": {
		"5": "epicmod:block/elephant_horn_sword",
		"particle": "epicmod:block/elephant_horn"
	},
	"elements": [
		{
			"from": [0, 11, 9],
			"to": [3, 22, 12],
			"rotation": {"angle": -22.5, "axis": "z", "origin": [2, 11, 11]},
			"faces": {
				"north": {"uv": [0, 0, 1.5, 5.5], "texture": "#5"},
				"east": {"uv": [1.5, 0, 3, 5.5], "texture": "#5"},
				"south": {"uv": [3, 0, 4.5, 5.5], "texture": "#5"},
				"west": {"uv": [4.5, 0, 6, 5.5], "texture": "#5"},
				"up": {"uv": [1.5, 7, 0, 5.5], "texture": "#5"},
				"down": {"uv": [3, 5.5, 1.5, 7], "texture": "#5"}
			}
		},
		{
			"from": [1, 6, 10],
			"to": [2, 12, 11],
			"faces": {
				"north": {"uv": [3, 5.5, 3.5, 8.5], "texture": "#5"},
				"east": {"uv": [3.5, 5.5, 4, 8.5], "texture": "#5"},
				"south": {"uv": [4, 5.5, 4.5, 8.5], "texture": "#5"},
				"west": {"uv": [4.5, 5.5, 5, 8.5], "texture": "#5"},
				"up": {"uv": [5.5, 6, 5, 5.5], "texture": "#5"},
				"down": {"uv": [6, 5.5, 5.5, 6], "texture": "#5"}
			}
		}
	],
	"display": {
		"thirdperson_righthand": {
			"rotation": [89, -90, 90],
			"translation": [1.5, -1.25, 4],
			"scale": [0.6, 0.6, 0.6]
		},
		"thirdperson_lefthand": {
			"rotation": [0, 90, 0],
			"translation": [-1.5, -1.25, 4],
			"scale": [0.6, 0.6, 0.6]
		},
		"firstperson_righthand": {
			"rotation": [-2, -100, 39],
			"translation": [0, 0, 7.25],
			"scale": [0.6, 0.6, 0.6]
		},
		"firstperson_lefthand": {
			"rotation": [0, 90, -47],
			"translation": [-1.75, 0.75, 6.5],
			"scale": [0.6, 0.6, 0.61]
		},
		"ground": {
			"rotation": [-4, 54, 51],
			"scale": [0.6, 0.6, 0.6]
		},
		"gui": {
			"rotation": [180, -0.75, 180],
			"translation": [-2.75, -3.5, 0],
			"scale": [0.6, 0.6, 0.6]
		},
		"fixed": {
			"translation": [2.5, -3.75, -2.5],
			"scale": [0.6, 0.6, 0.6]
		}
	},
	"groups": [
		{
			"name": "group",
			"origin": [8, 8, 8],
			"color": 0,
			"children": [
				0,
				{
					"name": "group",
					"origin": [0, 0, 0],
					"color": 0,
					"children": [1]
				}
			]
		}
	]
}