{
	"credit": "Made with Blockbench",
	"textures": {
		"0": "epicmod:block/elephant_horn",
		"particle": "epicmod:block/elephant_horn"
	},
	"elements": [
		{
			"from": [9, 0, 4],
			"to": [11, 10, 6],
			"rotation": {"angle": 0, "axis": "z", "origin": [10, -1, 4]},
			"faces": {
				"north": {"uv": [0, 0, 2, 10], "rotation": 180, "texture": "#0"},
				"east": {"uv": [6, 0, 8, 10], "rotation": 180, "texture": "#0"},
				"south": {"uv": [4, 0, 6, 10], "rotation": 180, "texture": "#0"},
				"west": {"uv": [2, 0, 4, 10], "rotation": 180, "texture": "#0"},
				"up": {"uv": [10, 2, 8, 4], "rotation": 180, "texture": "#0"},
				"down": {"uv": [10, 2, 8, 0], "rotation": 180, "texture": "#0"}
			}
		}
	],
	"display": {
		"thirdperson_righthand": {
			"translation": [-2, 3, 3.25]
		},
		"thirdperson_lefthand": {
			"translation": [1.75, 3, 2.5]
		},
		"firstperson_righthand": {
			"rotation": [-24, 0, 0],
			"translation": [0, 0.75, 0]
		},
		"firstperson_lefthand": {
			"rotation": [-13.25, 0, 0],
			"translation": [1.5, 0.5, 0]
		},
		"ground": {
			"rotation": [7.3, -0.41, 10.63],
			"translation": [0, 4, 0]
		},
		"gui": {
			"rotation": [0, 0, -16.25],
			"translation": [-1.5, 3.25, 0]
		},
		"head": {
			"rotation": [0, 0, -90],
			"translation": [2.75, 9.5, 2.25]
		},
		"fixed": {
			"translation": [-1.75, 3, 0]
		}
	},
	"groups": [
		{
			"name": "bone22",
			"origin": [0, 0, -9],
			"color": 0,
			"children": [0]
		}
	]
}