{
	"credit": "Made with Blockbench",
	"texture_size": [64, 64],
	"textures": {
		"7": "epicmod:deco/lamp_off",
		"particle": "epicmod:deco/lamp_off"
	},
	"elements": [
		{
			"from": [4, 0, 4],
			"to": [12, 2, 12],
			"faces": {
				"north": {"uv": [6, 0, 8, 0.5], "texture": "#7"},
				"east": {"uv": [6, 0.5, 8, 1], "texture": "#7"},
				"south": {"uv": [6, 1, 8, 1.5], "texture": "#7"},
				"west": {"uv": [6, 1.5, 8, 2], "texture": "#7"},
				"up": {"uv": [6, 2, 4, 0], "texture": "#7"},
				"down": {"uv": [6, 2, 4, 4], "texture": "#7"}
			}
		},
		{
			"from": [7, 2, 7],
			"to": [9, 14, 9],
			"faces": {
				"north": {"uv": [2, 5.5, 2.5, 8.5], "texture": "#7"},
				"east": {"uv": [2.5, 5.5, 3, 8.5], "texture": "#7"},
				"south": {"uv": [3, 5.5, 3.5, 8.5], "texture": "#7"},
				"west": {"uv": [3.5, 5.5, 4, 8.5], "texture": "#7"},
				"up": {"uv": [6.5, 2.5, 6, 2], "texture": "#7"},
				"down": {"uv": [6.5, 2.5, 6, 3], "texture": "#7"}
			}
		},
		{
			"from": [4, 8, 4],
			"to": [12, 19, 12],
			"faces": {
				"north": {"uv": [0, 0, 2, 2.75], "texture": "#7"},
				"east": {"uv": [2, 0, 4, 2.75], "texture": "#7"},
				"south": {"uv": [0, 2.75, 2, 5.5], "texture": "#7"},
				"west": {"uv": [2, 2.75, 4, 5.5], "texture": "#7"},
				"up": {"uv": [6, 6, 4, 4], "texture": "#7"},
				"down": {"uv": [2, 5.5, 0, 7.5], "texture": "#7"}
			}
		}
	],
	"display": {
		"thirdperson_righthand": {
			"translation": [0.25, 0.25, -0.25],
			"scale": [0.6, 0.6, 0.6]
		},
		"thirdperson_lefthand": {
			"translation": [0.25, 0.25, -0.25],
			"scale": [0.6, 0.6, 0.6]
		},
		"firstperson_righthand": {
			"translation": [0, 1.75, 0.75],
			"scale": [0.6, 0.6, 0.6]
		},
		"firstperson_lefthand": {
			"scale": [0.6, 0.6, 0.6]
		},
		"ground": {
			"rotation": [33, 0, 0],
			"translation": [0, 2.75, 3.25],
			"scale": [0.6, 0.6, 0.6]
		},
		"gui": {
			"rotation": [0, 0, -7],
			"translation": [0, -1, 0],
			"scale": [0.6, 0.6, 0.6]
		},
		"head": {
			"translation": [0, 14.5, 0]
		},
		"fixed": {
			"translation": [0, -0.75, -2.5],
			"scale": [0.6, 0.6, 0.6]
		}
	},
	"groups": [
		{
			"name": "group",
			"origin": [8, 8, 8],
			"color": 0,
			"children": [0, 1, 2]
		}
	]
}