{
  "credit": "Made with Blockbench",
  "texture_size": [32, 32],
  "textures": {
    "1": "epicmod:deco/little_stones_texture",
    "particle": "epicmod:deco/little_stones_texture"
  },
  "elements": [
    {
      "from": [10, 0, 2],
      "to": [14, 2, 6],
      "faces": {
        "north": {"uv": [8.5, 0, 10.5, 1], "texture": "#1"},
        "east": {"uv": [8.5, 1, 10.5, 2], "texture": "#1"},
        "south": {"uv": [8.5, 5.5, 10.5, 6.5], "texture": "#1"},
        "west": {"uv": [8.5, 6.5, 10.5, 7.5], "texture": "#1"},
        "up": {"uv": [9, 4, 7, 2], "texture": "#1"},
        "down": {"uv": [2, 7.5, 0, 9.5], "texture": "#1"}
      }
    },
    {
      "from": [6, 0, 8],
      "to": [12, 4, 15],
      "faces": {
        "north": {"uv": [0, 5.5, 3, 7.5], "texture": "#1"},
        "east": {"uv": [0, 3.5, 3.5, 5.5], "texture": "#1"},
        "south": {"uv": [3, 5.5, 6, 7.5], "texture": "#1"},
        "west": {"uv": [3.5, 3.5, 7, 5.5], "texture": "#1"},
        "up": {"uv": [3, 3.5, 0, 0], "texture": "#1"},
        "down": {"uv": [6, 0, 3, 3.5], "texture": "#1"}
      }
    },
    {
      "from": [1, 0, 3],
      "to": [6, 3, 7],
      "faces": {
        "north": {"uv": [7, 4, 9.5, 5.5], "texture": "#1"},
        "east": {"uv": [4.5, 7.5, 6.5, 9], "texture": "#1"},
        "south": {"uv": [2, 7.5, 4.5, 9], "texture": "#1"},
        "west": {"uv": [6.5, 7.5, 8.5, 9], "texture": "#1"},
        "up": {"uv": [8.5, 2, 6, 0], "texture": "#1"},
        "down": {"uv": [8.5, 5.5, 6, 7.5], "texture": "#1"}
      }
    }
  ],
  "display": {
    "thirdperson_righthand": {
      "translation": [-0.25, 3.25, 2.75],
      "scale": [0.5, 0.5, 0.5]
    },
    "thirdperson_lefthand": {
      "translation": [0.75, 4, 2.75],
      "scale": [0.5, 0.5, 0.5]
    },
    "firstperson_righthand": {
      "rotation": [-28, 0, 0],
      "translation": [-1.25, 3.75, 0],
      "scale": [0.5, 0.5, 0.5]
    },
    "firstperson_lefthand": {
      "rotation": [-28, 1, 0],
      "translation": [-0.5, 3.25, -0.25],
      "scale": [0.5, 0.5, 0.5]
    },
    "ground": {
      "translation": [0, 1, 0],
      "scale": [0.5, 0.5, 0.5]
    },
    "gui": {
      "rotation": [-90, 0, 0],
      "scale": [0.7, 0.7, 0.7]
    },
    "head": {
      "translation": [0.25, 13.5, -0.5],
      "scale": [0.9, 0.9, 0.9]
    },
    "fixed": {
      "rotation": [-90, 0, 0],
      "translation": [0, 0, -5.75],
      "scale": [0.7, 0.7, 0.7]
    }
  },
  "groups": [
    {
      "name": "VoxelShapes",
      "origin": [8, 8, 8],
      "color": 0,
      "children": [
        {
          "name": "group",
          "origin": [8, 8, 8],
          "color": 0,
          "children": [0, 1, 2]
        }
      ]
    }
  ]
}