{
	"credit": "Made with Blockbench",
	"texture_size": [32, 32],
	"textures": {
		"0": "epicmod:block/old_tree_trunk",
		"1": "epicmod:block/texture123",
		"particle": "minecraft:block/oak_log"
	},
	"elements": [
		{
			"from": [3, 0, 3],
			"to": [12, 13, 12],
			"faces": {
				"north": {"uv": [0, 0, 2.25, 3.25], "texture": "#0"},
				"east": {"uv": [2.25, 0, 4.5, 3.25], "texture": "#0"},
				"south": {"uv": [0, 3.25, 2.25, 6.5], "texture": "#0"},
				"west": {"uv": [2.25, 3.25, 4.5, 6.5], "texture": "#0"},
				"up": {"uv": [6.75, 2.25, 4.5, 0], "texture": "#0"},
				"down": {"uv": [6.75, 2.25, 4.5, 4.5], "texture": "#0"}
			}
		},
		{
			"from": [3, 13, 11],
			"to": [12, 15, 12],
			"faces": {
				"north": {"uv": [4.5, 4.5, 6.75, 5], "texture": "#0"},
				"east": {"uv": [2, 7.5, 2.25, 8], "texture": "#0"},
				"south": {"uv": [4.5, 5, 6.75, 5.5], "texture": "#0"},
				"west": {"uv": [2.25, 7.5, 2.5, 8], "texture": "#0"},
				"up": {"uv": [5.75, 7.25, 3.5, 7], "texture": "#0"},
				"down": {"uv": [8, 7, 5.75, 7.25], "texture": "#0"}
			}
		},
		{
			"from": [3, 13, 3],
			"to": [12, 15, 4],
			"faces": {
				"north": {"uv": [4.5, 5.5, 6.75, 6], "texture": "#0"},
				"east": {"uv": [2.5, 7.5, 2.75, 8], "texture": "#0"},
				"south": {"uv": [4.5, 6, 6.75, 6.5], "texture": "#0"},
				"west": {"uv": [7.5, 2.5, 7.75, 3], "texture": "#0"},
				"up": {"uv": [9.5, 2.25, 7.25, 2], "texture": "#0"},
				"down": {"uv": [9.5, 2.25, 7.25, 2.5], "texture": "#0"}
			}
		},
		{
			"from": [-3, 8, 5],
			"to": [5, 10, 7],
			"rotation": {"angle": -22.5, "axis": "z", "origin": [0, 0, 0]},
			"faces": {
				"north": {"uv": [0, 6.5, 2, 7], "texture": "#0"},
				"east": {"uv": [1, 7.5, 1.5, 8], "texture": "#0"},
				"south": {"uv": [2, 6.5, 4, 7], "texture": "#0"},
				"west": {"uv": [1.5, 7.5, 2, 8], "texture": "#0"},
				"up": {"uv": [6, 7, 4, 6.5], "texture": "#0"},
				"down": {"uv": [8, 6.5, 6, 7], "texture": "#0"}
			}
		},
		{
			"from": [3, 13, 4],
			"to": [4, 15, 11],
			"faces": {
				"north": {"uv": [2.75, 7.5, 3, 8], "texture": "#0"},
				"east": {"uv": [6.75, 0, 8.5, 0.5], "texture": "#0"},
				"south": {"uv": [3, 7.5, 3.25, 8], "texture": "#0"},
				"west": {"uv": [6.75, 0.5, 8.5, 1], "texture": "#0"},
				"up": {"uv": [7.5, 4.25, 7.25, 2.5], "texture": "#0"},
				"down": {"uv": [3.75, 7.25, 3.5, 9], "texture": "#0"}
			}
		},
		{
			"from": [11, 13, 4],
			"to": [12, 15, 11],
			"faces": {
				"north": {"uv": [7.5, 3, 7.75, 3.5], "texture": "#0"},
				"east": {"uv": [6.75, 1, 8.5, 1.5], "texture": "#0"},
				"south": {"uv": [3.25, 7.5, 3.5, 8], "texture": "#0"},
				"west": {"uv": [6.75, 1.5, 8.5, 2], "texture": "#0"},
				"up": {"uv": [4, 9, 3.75, 7.25], "texture": "#0"},
				"down": {"uv": [4.25, 7.25, 4, 9], "texture": "#0"}
			}
		},
		{
			"from": [4, 13, 4],
			"to": [6, 14, 11],
			"faces": {
				"north": {"uv": [7.5, 3.5, 8, 3.75], "texture": "#0"},
				"east": {"uv": [4.25, 7.25, 6, 7.5], "texture": "#0"},
				"south": {"uv": [7.5, 3.75, 8, 4], "texture": "#0"},
				"west": {"uv": [7.25, 4.25, 9, 4.5], "texture": "#0"},
				"up": {"uv": [7.25, 3.75, 6.75, 2], "texture": "#0"},
				"down": {"uv": [7.25, 3.75, 6.75, 5.5], "texture": "#0"}
			}
		},
		{
			"from": [5, 13, 4],
			"to": [11, 14, 6],
			"faces": {
				"north": {"uv": [7.25, 5, 8.75, 5.25], "texture": "#0"},
				"east": {"uv": [7.5, 4, 8, 4.25], "texture": "#0"},
				"south": {"uv": [7.25, 5.25, 8.75, 5.5], "texture": "#0"},
				"west": {"uv": [4.25, 7.5, 4.75, 7.75], "texture": "#0"},
				"up": {"uv": [8.25, 6, 6.75, 5.5], "texture": "#0"},
				"down": {"uv": [8.25, 6, 6.75, 6.5], "texture": "#0"}
			}
		},
		{
			"from": [5, 13, 9],
			"to": [10, 14, 11],
			"faces": {
				"north": {"uv": [6, 7.25, 7.25, 7.5], "texture": "#0"},
				"east": {"uv": [4.75, 7.5, 5.25, 7.75], "texture": "#0"},
				"south": {"uv": [7.25, 7.25, 8.5, 7.5], "texture": "#0"},
				"west": {"uv": [5.25, 7.5, 5.75, 7.75], "texture": "#0"},
				"up": {"uv": [2.25, 7.5, 1, 7], "texture": "#0"},
				"down": {"uv": [3.5, 7, 2.25, 7.5], "texture": "#0"}
			}
		},
		{
			"from": [9, 13, 4],
			"to": [11, 14, 11],
			"faces": {
				"north": {"uv": [5.75, 7.5, 6.25, 7.75], "texture": "#0"},
				"east": {"uv": [7.25, 4.5, 9, 4.75], "texture": "#0"},
				"south": {"uv": [6.25, 7.5, 6.75, 7.75], "texture": "#0"},
				"west": {"uv": [7.25, 4.75, 9, 5], "texture": "#0"},
				"up": {"uv": [0.5, 8.75, 0, 7], "texture": "#0"},
				"down": {"uv": [1, 7, 0.5, 8.75], "texture": "#0"}
			}
		},
		{
			"from": [5, 2, 13],
			"to": [8, 5, 18],
			"rotation": {"angle": -22.5, "axis": "x", "origin": [0, 0, 0]},
			"faces": {
				"north": {"uv": [3, 8.5, 4.5, 10], "texture": "#1"},
				"east": {"uv": [4, 7, 6.5, 8.5], "texture": "#1"},
				"south": {"uv": [4.5, 8.5, 6, 10], "texture": "#1"},
				"west": {"uv": [6.5, 7, 9, 8.5], "texture": "#1"},
				"up": {"uv": [1.5, 11, 0, 8.5], "texture": "#1"},
				"down": {"uv": [3, 8.5, 1.5, 11], "texture": "#1"}
			}
		},
		{
			"from": [5, 4, -3],
			"to": [9, 8, 6],
			"rotation": {"angle": 22.5, "axis": "x", "origin": [0, 0, 0]},
			"faces": {
				"north": {"uv": [4, 5, 6, 7], "texture": "#1"},
				"east": {"uv": [0, 0, 4.5, 2], "texture": "#1"},
				"south": {"uv": [6, 5, 8, 7], "texture": "#1"},
				"west": {"uv": [0, 2, 4.5, 4], "texture": "#1"},
				"up": {"uv": [2, 8.5, 0, 4], "texture": "#1"},
				"down": {"uv": [4, 4, 2, 8.5], "texture": "#1"}
			}
		},
		{
			"from": [2, 13, 7],
			"to": [8, 15, 9],
			"rotation": {"angle": -45, "axis": "z", "origin": [0, 0, 0]},
			"faces": {
				"north": {"uv": [4.5, 3, 7.5, 4], "texture": "#1"},
				"east": {"uv": [8.5, 4, 9.5, 5], "texture": "#1"},
				"south": {"uv": [7.5, 3, 10.5, 4], "texture": "#1"},
				"west": {"uv": [6, 8.5, 7, 9.5], "texture": "#1"},
				"up": {"uv": [11, 6, 8, 5], "texture": "#1"},
				"down": {"uv": [11, 6, 8, 7], "texture": "#1"}
			}
		},
		{
			"from": [2, 0, 8],
			"to": [11, 2, 10],
			"rotation": {"angle": 45, "axis": "z", "origin": [0, 0, 0]},
			"faces": {
				"north": {"uv": [4, 4, 8.5, 5], "texture": "#1"},
				"east": {"uv": [7, 8.5, 8, 9.5], "texture": "#1"},
				"south": {"uv": [4.5, 0, 9, 1], "texture": "#1"},
				"west": {"uv": [8, 8.5, 9, 9.5], "texture": "#1"},
				"up": {"uv": [9, 2, 4.5, 1], "texture": "#1"},
				"down": {"uv": [9, 2, 4.5, 3], "texture": "#1"}
			}
		}
	],
	"display": {
		"thirdperson_righthand": {
			"rotation": [-2, -2, -4],
			"translation": [0.75, 0, 0],
			"scale": [0.6, 0.6, 0.6]
		},
		"thirdperson_lefthand": {
			"scale": [0.6, 0.6, 0.6]
		},
		"firstperson_righthand": {
			"scale": [0.7, 0.7, 0.6]
		},
		"firstperson_lefthand": {
			"scale": [0.7, 0.7, 0.6]
		},
		"ground": {
			"rotation": [1, 0, -1],
			"translation": [0, 5, 0],
			"scale": [0.61, 0.61, 0.61]
		},
		"head": {
			"translation": [0, 13.5, 0]
		},
		"fixed": {
			"translation": [0, 0, -2]
		}
	},
	"groups": [
		{
			"name": "VoxelShapes",
			"origin": [0, 0, 0],
			"color": 0,
			"children": [0, 1, 2, 3, 4, 5, 6, 7, 8, 9, 10, 11, 12, 13]
		}
	]
}