{
  "variants": {
    "age=0": {
      "model": "epicmod:block/corn_stage0"
    },
    "age=1": {
      "model": "epicmod:block/corn_stage1"
    },
    "age=2": {
      "model": "epicmod:block/corn_stage2"
    },
    "age=3": {
      "model": "epicmod:block/corn_stage3"
    },
    "age=4": {
      "model": "epicmod:block/corn_stage4"
    },
    "age=5": {
      "model": "epicmod:block/corn_stage5"
    },
    "age=6": {
      "model": "epicmod:block/corn_stage6"
    },
    "age=7": {
      "model": "epicmod:block/corn_stage7"
    }
  }
}